{
    "providers": [
        {"type": "bitmap", "file": "minecraft:guis/pixel.png","ascent": -2000,"height": -3,"chars": ["七"]},
        {"type": "bitmap", "file": "minecraft:guis/diamondxr/menu.png","ascent": 13,"height": 135,"chars": ["ㇺ"]},
		{"type": "bitmap", "file": "minecraft:guis/donate/donate_select.png","ascent": 13,"height": 135,"chars": ["✓"]},
		{"type": "bitmap", "file": "minecraft:guis/rewards/rewards1.png","ascent": 13,"height": 136,"chars": ["✛"]},
		{"type": "bitmap", "file": "minecraft:guis/rewardrpg/rewardrpg.png","ascent": 13,"height": 136,"chars": ["ᴔ"]},
		{"type": "bitmap", "file": "minecraft:guis/reward_menu/menyu_aseprite.png","ascent": 13,"height": 135,"chars": ["ᴉ"]},
		{"type": "bitmap", "file": "minecraft:guis/donate/donatemenu1.png","ascent": 13,"height": 135,"chars": ["ᶃ"]},
		{"type": "bitmap", "file": "minecraft:guis/donate/donatemenu2.png","ascent": 13,"height": 135,"chars": ["ᶀ"]},
		{"type": "bitmap", "file": "minecraft:guis/donate/donatemenu3.png","ascent": 13,"height": 135,"chars": ["ᶈ"]},
		{"type": "bitmap", "file": "minecraft:guis/donate/donatemenu4.png","ascent": 13,"height": 135,"chars": ["ᶉ"]},
		{"type": "bitmap", "file": "minecraft:guis/donate/donatemenu5.png","ascent": 13,"height": 135,"chars": ["ᶊ"]},
		{"type": "bitmap", "file": "minecraft:guis/donate/donatemenu6.png","ascent": 13,"height": 135,"chars": ["ᶋ"]},
		{"type": "bitmap", "file": "minecraft:guis/donate/donatemenu7.png","ascent": 13,"height": 135,"chars": ["ᴓ"]},
		{"type": "bitmap", "file": "minecraft:guis/donate/craftsmenu.png","ascent": 13,"height": 135,"chars": ["ᶛ"]},
		{"type": "bitmap", "file": "minecraft:guis/donate/customitemsmenu.png","ascent": 13,"height": 135,"chars": ["ᶱ"]},
		{"type": "bitmap", "file": "minecraft:guis/donate/casemenu.png","ascent": 13,"height": 81,"chars": ["⅄"]},
		{"type": "bitmap", "file": "minecraft:guis/donate/goldcasemenu.png","ascent": 13,"height": 81,"chars": ["⅃"]},
		{"type": "bitmap", "file": "minecraft:guis/gem/gem.png","ascent": 8,"height": 10,"chars": ["Ý"]},
		{"type": "bitmap", "file": "minecraft:guis/pixelart/pixelart1.png","ascent": 8,"height": 32,"chars": ["℞"]},
		{"type": "bitmap", "file": "minecraft:guis/pixelart/pixelart2.png","ascent": 8,"height": 64,"chars": ["℠"]},
		{"type": "bitmap", "file": "minecraft:guis/tags/tag1.png","ascent": 8,"height": 8,"chars": ["℡"]},
		{"type": "bitmap", "file": "minecraft:guis/attributes/defense.png","ascent": 8,"height": 10,"chars": ["℥"]},
		{"type": "bitmap", "file": "minecraft:guis/attributes/wisdom.png","ascent": 8,"height": 10,"chars": ["Ω"]},
		{"type": "bitmap", "file": "minecraft:guis/attributes/strength.png","ascent": 8,"height": 10,"chars": ["℧"]},
		{"type": "bitmap", "file": "minecraft:guis/tags/player.png","ascent": 7,"height": 8,"chars": ["⍺"]},
		{"type": "bitmap", "file": "minecraft:guis/tags/vip.png","ascent": 7,"height": 8,"chars": ["⍹"]},
		{"type": "bitmap", "file": "minecraft:guis/tags/premium.png","ascent": 7,"height": 8,"chars": ["⍸"]},
		{"type": "bitmap", "file": "minecraft:guis/tags/legendary.png","ascent": 7,"height": 8,"chars": ["⍷"]},
		{"type": "bitmap", "file": "minecraft:guis/tags/lord.png","ascent": 7,"height": 8,"chars": ["⍶"]},
		{"type": "bitmap", "file": "minecraft:guis/tags/titan.png","ascent": 7,"height": 8,"chars": ["⍵"]},
		{"type": "bitmap", "file": "minecraft:guis/tags/imperator.png","ascent": 7,"height": 8,"chars": ["⍴"]},
		{"type": "bitmap", "file": "minecraft:guis/tags/moderator.png","ascent": 7,"height": 8,"chars": ["Ό"]},
		{"type": "bitmap", "file": "minecraft:guis/tags/admin.png","ascent": 7,"height": 8,"chars": ["ῷ"]},
		{"type": "bitmap", "file": "minecraft:guis/tags/donatetag.png","ascent": 7,"height": 8,"chars": ["ᶨ"]},
		{"type": "bitmap", "file": "minecraft:guis/tags/rewardstag.png","ascent": 7,"height": 8,"chars": ["ᶤ"]},
		{"type": "bitmap", "file": "minecraft:guis/tags/recipes.png","ascent": 7,"height": 8,"chars": ["ᴥ"]},
		{"type": "bitmap", "file": "minecraft:guis/tags/common.png","ascent": 7,"height": 8,"chars": ["ᴭ"]},
		{"type": "bitmap", "file": "minecraft:guis/tags/uncommon.png","ascent": 7,"height": 8,"chars": ["ᴮ"]},
		{"type": "bitmap", "file": "minecraft:guis/tags/rare.png","ascent": 7,"height": 8,"chars": ["ᴯ"]},
		{"type": "bitmap", "file": "minecraft:guis/tags/epic.png","ascent": 7,"height": 8,"chars": ["ᵬ"]},
		{"type": "bitmap", "file": "minecraft:guis/tags/legendary1.png","ascent": 7,"height": 8,"chars": ["ᵭ"]},
		{"type": "bitmap", "file": "minecraft:guis/tags/mythic.png","ascent": 7,"height": 8,"chars": ["ᵮ"]},
		{"type": "bitmap", "file": "minecraft:guis/tags/sweatland_tag.png","ascent": 7,"height": 8,"chars": ["ᵹ"]}
    ]
}